原文件名,新文件名
IMG_8110.jpg,basike.jpg
IMG_8514.jpg,sunban.jpg
IMG_8264.jpg,liulianpizza.jpg
IMG_9220.jpg,fupishousi.jpg
IMG_9154.jpg,shangtangbaicai.jpg
IMG_8832.jpg,fanshuzhishijiaxinnuomibing.jpg
IMG_8239.jpg,chapaofan.jpg
IMG_8210.jpg,dapaofan.jpg
IMG_8148.JPG,huntun.jpg
IMG_7704.jpg,ningmengjizhua.jpg
IMG_7869.jpg,binfen.jpg
IMG_8636.jpg,paocaichaofan.jpg
IMG_8221.jpg,niurouwantang.jpg
IMG_8195.jpg,heijiaoniuniuyimian.jpg
IMG_8910.jpg,nuomishaomai.jpg
IMG_9006.jpg,chunjuan.jpg
IMG_8696.jpg,rousongxiaobei.jpg
IMG_8268.jpg,yanjuanchundan.jpg
IMG_9189.jpg,paocaibing.jpg
IMG_8860.jpg,bozaigao.jpg
微信图片_20260313010001_37764_1304.jpg,jizhuabao.jpg
